doctor_id,name,qualification,specialisation,registration_no,hospital_id,department,room_no,phone,consultation_fee,experience_years,languages,availability
D-01,Dr Meera Deshmukh,MBBS MD,General Medicine,MMC-2004-118742,H-02,Internal Medicine,204,+91 9822012345,600,21,"Marathi, Hindi, English",Mon-Sat 09:00-13:00
D-02,Dr Anil Kulkarni,MBBS DNB,Cardiology,MMC-2008-203416,H-01,Cardiology,311,+91 9822012346,900,17,"Marathi, Hindi, English",Mon-Fri 10:00-16:00
D-03,Dr Sneha Bawane,MBBS MD,Endocrinology,MMC-2011-287104,H-01,Endocrinology,208,+91 9822012347,800,14,"Marathi, Hindi, English",Tue-Sat 09:30-14:00
D-04,Dr Rajesh Gupta,MBBS DCH,Paediatrics,MMC-2006-164920,H-04,Paediatrics,106,+91 9822012348,500,19,"Marathi, Hindi, English",Mon-Sat 10:00-15:00
D-05,Dr Prachi Joshi,MBBS MD,Obstetrics and Gynaecology,MMC-2013-311258,H-08,Obstetrics and Gynaecology,402,+91 9822012349,900,12,"Marathi, Hindi, English",Mon-Fri 11:00-16:00
D-06,Dr Sanjay Pawar,MBBS MS,Orthopaedics,MMC-2003-097531,H-10,Orthopaedics,115,+91 9822012350,750,22,"Marathi, Hindi, English",Mon-Sat 09:00-13:00
D-07,Dr Kavita Rao,MBBS MD,Dermatology,MMC-2015-338744,H-03,Dermatology,12,+91 9822012351,650,10,"Marathi, Hindi, English",Tue-Sat 10:00-15:00
D-08,Dr Imran Shaikh,MBBS DNB,General Medicine,MMC-2010-246813,H-06,General Medicine,5,+91 9822012352,350,15,"Marathi, Hindi, Urdu, Hindi, English",Mon-Sat 17:00-21:00
D-09,Dr Nandini Shastri,MBBS MS,Ophthalmology,MMC-2007-152368,H-09,Ophthalmology,21,+91 9822012353,600,18,"Marathi, Hindi, English",Mon-Fri 09:00-13:00
D-10,Dr Vivek Thakur,MBBS MD,Nephrology,MMC-2014-357219,H-01,Nephrology,312,+91 9822012354,1000,11,"Marathi, Hindi, English",Wed-Sat 10:00-16:00
D-11,Dr Ashwin Kale,MBBS DNB,Psychiatry,MMC-2012-298630,H-08,Psychiatry,405,+91 9822012355,850,13,"Marathi, Hindi, English",Mon-Thu 11:00-17:00
D-12,Dr Rohini Patil,MBBS DGO,Obstetrics and Gynaecology,MMC-2016-372015,H-03,Gynaecology,14,+91 9822012356,550,9,"Marathi, Hindi, English",Mon-Sat 09:00-14:00
